<?xml version="1.0" encoding="UTF-8"?>
<project-private xmlns="http://www.netbeans.org/ns/project-private/1">
    <editor-bookmarks xmlns="http://www.netbeans.org/ns/editor-bookmarks/2" lastBookmarkId="0"/>
    <open-files xmlns="http://www.netbeans.org/ns/projectui-open-files/2">
        <group>
            <file>file:/C:/Users/kiava/OneDrive/Documents/NetBeansProjects/RecipeBook_LIA/src/recipebook/Ingredient.java</file>
            <file>file:/C:/Users/kiava/OneDrive/Documents/NetBeansProjects/RecipeBook_LIA/src/recipebook/RecipeBook.java</file>
            <file>file:/C:/Users/kiava/OneDrive/Documents/NetBeansProjects/RecipeBook_LIA/src/recipebook/Dessert.java</file>
            <file>file:/C:/Users/kiava/OneDrive/Documents/NetBeansProjects/RecipeBook_LIA/src/recipebook/RecipeApp.java</file>
            <file>file:/C:/Users/kiava/OneDrive/Documents/NetBeansProjects/RecipeBook_LIA/test/recipebook/RecipeTest.java</file>
            <file>file:/C:/Users/kiava/OneDrive/Documents/NetBeansProjects/RecipeBook_LIA/src/recipebook/Recipe.java</file>
        </group>
    </open-files>
</project-private>
